risus@tellus.ca;Thane;Blanchard;Blanchard;male;risus;Spain
non.quam.Pellentesque@habitantmorbitristique.net;Wyoming;Perez;Walters;male;non;Spain
malesuada@arcu.org;Keegan;Frazier;Savage;female;malesuada;Spain
et.tristique@esttempor.co.uk;Nigel;Hunter;Bates;male;et;Spain
turpis@euismod.ca;Shafira;Merritt;Rogers;female;turpis;Spain
Nam@elitEtiam.co.uk;Colin;Salas;Ochoa;female;nam;Spain
quis.accumsan.convallis@eros.com;McKenzie;Talley;Cobb;male;quis;Spain
Duis.ac@temporaugue.com;Arden;Elliott;Drake;female;duis;Spain
tempor.arcu@velturpis.net;Nola;Lott;Reynolds;male;tempor;Spain
dignissim@inmolestietortor.com;Haviva;Foster;Cote;female;dignissim;Spain
